"driverID","firstName","lastName","nationality","birthYear"
1,"Lewis","Hamilton","British",1985
2,"Nick","Heidfeld","German",1977
3,"Nico","Rosberg","German",1985
4,"Fernando","Alonso","Spanish",1981
5,"Heikki","Kovalainen","Finnish",1981
6,"Kazuki","Nakajima","Japanese",1985
7,"Sébastien","Bourdais","French",1979
8,"Kimi","Räikkönen","Finnish",1979
9,"Robert","Kubica","Polish",1984
10,"Timo","Glock","German",1982
11,"Takuma","Sato","Japanese",1977
12,"Nelson","Piquet Jr.","Brazilian",1985
13,"Felipe","Massa","Brazilian",1981
14,"David","Coulthard","British",1971
15,"Jarno","Trulli","Italian",1974
16,"Adrian","Sutil","German",1983
17,"Mark","Webber","Australian",1976
18,"Jenson","Button","British",1980
19,"Anthony","Davidson","British",1979
20,"Sebastian","Vettel","German",1987
21,"Giancarlo","Fisichella","Italian",1973
22,"Rubens","Barrichello","Brazilian",1972
23,"Ralf","Schumacher","German",1975
24,"Vitantonio","Liuzzi","Italian",1980
25,"Alexander","Wurz","Austrian",1974
26,"Scott","Speed","American",1983
27,"Christijan","Albers","Dutch",1979
28,"Markus","Winkelhock","German",1980
29,"Sakon","Yamamoto","Japanese",1982
30,"Michael","Schumacher","German",1969
31,"Juan","Pablo Montoya","Colombian",1975
32,"Christian","Klien","Austrian",1983
33,"Tiago","Monteiro","Portuguese",1976
34,"Yuji","Ide","Japanese",1975
35,"Jacques","Villeneuve","Canadian",1971
36,"Franck","Montagny","French",1978
37,"Pedro","de la Rosa","Spanish",1971
38,"Robert","Doornbos","Dutch",1981
39,"Narain","Karthikeyan","Indian",1977
40,"Patrick","Friesacher","Austrian",1980
41,"Ricardo","Zonta","Brazilian",1976
42,"Antônio","Pizzonia","Brazilian",1980
43,"Cristiano","da Matta","Brazilian",1973
44,"Olivier","Panis","French",1966
45,"Giorgio","Pantano","Italian",1979
46,"Gianmaria","Bruni","Italian",1981
47,"Zsolt","Baumgartner","Hungarian",1981
48,"Marc","Gené","Spanish",1974
49,"Heinz-Harald","Frentzen","German",1967
50,"Jos","Verstappen","Dutch",1972
51,"Justin","Wilson","British",1978
52,"Ralph","Firman","Irish",1975
53,"Nicolas","Kiesa","Danish",1978
54,"Luciano","Burti","Brazilian",1975
55,"Jean","Alesi","French",1964
56,"Eddie","Irvine","British",1965
57,"Mika","Häkkinen","Finnish",1968
58,"Tarso","Marques","Brazilian",1976
59,"Enrique","Bernoldi","Brazilian",1978
60,"Gastón","Mazzacane","Argentine",1975
61,"Tomáš","Enge","Czech",1976
62,"Alex","Yoong","Malaysian",1976
63,"Mika","Salo","Finnish",1966
64,"Pedro","Diniz","Brazilian",1970
65,"Johnny","Herbert","British",1964
66,"Allan","McNish","British",1969
67,"Sébastien","Buemi","Swiss",1988
68,"Toranosuke","Takagi","Japanese",1974
69,"Luca","Badoer","Italian",1971
70,"Alessandro","Zanardi","Italian",1966
71,"Damon","Hill","British",1960
72,"Stéphane","Sarrazin","French",1975
73,"Ricardo","Rosset","Brazilian",1968
74,"Esteban","Tuero","Argentine",1978
75,"Shinji","Nakano","Japanese",1971
76,"Jan","Magnussen","Danish",1973
77,"Gerhard","Berger","Austrian",1959
78,"Nicola","Larini","Italian",1964
79,"Ukyo","Katayama","Japanese",1963
80,"Vincenzo","Sospiri","Italian",1966
81,"Gianni","Morbidelli","Italian",1968
82,"Norberto","Fontana","Argentine",1975
83,"Pedro","Lamy","Portuguese",1972
84,"Martin","Brundle","British",1959
85,"Andrea","Montermini","Italian",1964
86,"Giovanni","Lavaggi","Italian",1958
87,"Mark","Blundell","British",1966
88,"Aguri","Suzuki","Japanese",1960
89,"Taki","Inoue","Japanese",1963
90,"Roberto","Moreno","Brazilian",1959
91,"Karl","Wendlinger","Austrian",1968
92,"Bertrand","Gachot","Belgian",1962
93,"Domenico","Schiattarella","Italian",1967
94,"Pierluigi","Martini","Italian",1961
95,"Nigel","Mansell","British",1953
96,"Jean-Christophe","Boullion","French",1969
97,"Massimiliano","Papis","Italian",1969
98,"Jean-Denis","Délétraz","Swiss",1963
99,"Gabriele","Tarquini","Italian",1962
100,"Érik","Comas","French",1963
101,"David","Brabham","Australian",1965
102,"Ayrton","Senna","Brazilian",1960
103,"Éric","Bernard","French",1964
104,"Christian","Fittipaldi","Brazilian",1971
105,"Michele","Alboreto","Italian",1956
106,"Olivier","Beretta","Monegasque",1969
107,"Roland","Ratzenberger","Austrian",1960
108,"Paul","Belmondo","French",1963
109,"Jyrki","Järvilehto","Finnish",1966
110,"Andrea","de Cesaris","Italian",1959
111,"Jean-Marc","Gounon","French",1963
112,"Philippe","Alliot","French",1954
113,"Philippe","Adams","Belgian",1969
114,"Yannick","Dalmas","French",1961
115,"Hideki","Noda","Japanese",1969
116,"Franck","Lagorce","French",1968
117,"Alain","Prost","French",1955
118,"Derek","Warwick","British",1954
119,"Riccardo","Patrese","Italian",1954
120,"Fabrizio","Barbazza","Italian",1963
121,"Michael","Andretti","American",1962
122,"Ivan","Capelli","Italian",1963
123,"Thierry","Boutsen","Belgian",1957
124,"Marco","Apicella","Italian",1965
125,"Emanuele","Naspetti","Italian",1968
126,"Toshio","Suzuki","Japanese",1955
127,"Maurício","Gugelmin","Brazilian",1963
128,"Eric","van de Poele","Belgian",1961
129,"Olivier","Grouillard","French",1958
130,"Andrea","Chiesa","Swiss",1964
131,"Stefano","Modena","Italian",1963
132,"Giovanna","Amati","Italian",1959
133,"Alex","Caffi","Italian",1964
134,"Enrico","Bertaggia","Italian",1964
135,"Perry","McCarthy","British",1961
136,"Jan","Lammers","Dutch",1956
137,"Nelson","Piquet","Brazilian",1952
138,"Satoru","Nakajima","Japanese",1953
139,"Emanuele","Pirro","Italian",1962
140,"Stefan","Johansson","Swedish",1956
141,"Julian","Bailey","British",1961
142,"Pedro","Chaves","Portuguese",1965
143,"Michael","Bartels","German",1968
144,"Naoki","Hattori","Japanese",1966
145,"Alessandro","Nannini","Italian",1959
146,"Bernd","Schneider","German",1964
147,"Paolo","Barilla","Italian",1961
148,"Gregor","Foitek","Swiss",1965
149,"Claudio","Langes","Italian",1960
150,"Gary","Brabham","Australian",1961
151,"Martin","Donnelly","British",1964
152,"Bruno","Giacomelli","Italian",1952
153,"Jaime","Alguersuari","Spanish",1990
154,"Romain","Grosjean","French",1986
155,"Kamui","Kobayashi","Japanese",1986
156,"Jonathan","Palmer","British",1956
157,"Christian","Danner","German",1958
158,"Eddie","Cheever","American",1958
159,"Luis","Pérez-Sala","Spanish",1959
160,"Piercarlo","Ghinzani","Italian",1952
161,"Volker","Weidler","German",1962
162,"Pierre-Henri","Raphanel","French",1961
163,"René","Arnoux","French",1948
164,"Joachim","Winkelhock","German",1960
165,"Oscar","Larrauri","Argentine",1954
166,"Philippe","Streiff","French",1955
167,"Adrián","Campos","Spanish",1960
168,"Jean-Louis","Schlesser","French",1948
169,"Pascal","Fabre","French",1960
170,"Teo","Fabi","Italian",1955
171,"Franco","Forini","Swiss",1958
172,"Jacques","Laffite","French",1943
173,"Elio","de Angelis","Italian",1958
174,"Johnny","Dumfries","British",1958
175,"Patrick","Tambay","French",1949
176,"Marc","Surer","Swiss",1951
177,"Keke","Rosberg","Finnish",1948
178,"Alan","Jones","Australian",1946
179,"Huub","Rothengatter","Dutch",1954
180,"Allen","Berg","Canadian",1961
181,"Manfred","Winkelhock","German",1951
182,"Niki","Lauda","Austrian",1949
183,"François","Hesnault","French",1956
184,"Mauro","Baldi","Italian",1954
185,"Stefan","Bellof","German",1957
186,"Kenny","Acheson","British",1957
187,"John","Watson","British",1946
188,"Johnny","Cecotto","Venezuelan",1956
189,"Jo","Gartner","Austrian",1954
190,"Corrado","Fabi","Italian",1961
191,"Mike","Thackwell","New Zealander",1961
192,"Chico","Serra","Brazilian",1957
193,"Danny","Sullivan","American",1950
194,"Eliseo","Salazar","Chilean",1954
195,"Roberto","Guerrero","Colombian",1958
196,"Raul","Boesel","Brazilian",1957
197,"Jean-Pierre","Jarier","French",1946
198,"Jacques","Villeneuve Sr.","Canadian",1953
199,"Carlos","Reutemann","Argentine",1942
200,"Jochen","Mass","German",1946
201,"Slim","Borgudd","Swedish",1946
202,"Didier","Pironi","French",1952
203,"Gilles","Villeneuve","Canadian",1950
204,"Riccardo","Paletti","Italian",1958
205,"Brian","Henton","British",1946
206,"Derek","Daly","Irish",1953
207,"Mario","Andretti","American",1940
208,"Emilio","de Villota","Spanish",1946
209,"Geoff","Lees","British",1951
210,"Tommy","Byrne","Irish",1958
211,"Rupert","Keegan","British",1955
212,"Hector","Rebaque","Mexican",1956
213,"Beppe","Gabbiani","Italian",1957
214,"Kevin","Cogan","American",1956
215,"Miguel Ángel","Guerra","Argentine",1953
216,"Siegfried","Stohr","Italian",1952
217,"Ricardo","Zunino","Argentine",1949
218,"Ricardo","Londoño","Colombian",1949
219,"Jean-Pierre","Jabouille","French",1942
220,"Giorgio","Francia","Italian",1947
221,"Patrick","Depailler","French",1944
222,"Jody","Scheckter","South African",1950
223,"Clay","Regazzoni","Swiss",1939
224,"Emerson","Fittipaldi","Brazilian",1946
225,"Dave","Kennedy","Irish",1953
226,"Stephen","South","British",1952
227,"Tiff","Needell","British",1951
228,"Desiré","Wilson","South African",1953
229,"Harald","Ertl","Austrian",1948
230,"Vittorio","Brambilla","Italian",1937
231,"James","Hunt","British",1947
232,"Arturo","Merzario","Italian",1943
233,"Hans-Joachim","Stuck","German",1951
234,"Gianfranco","Brancatelli","Italian",1950
235,"Jacky","Ickx","Belgian",1945
236,"Patrick","Gaillard","French",1952
237,"Alex","Ribeiro","Brazilian",1948
238,"Ronnie","Peterson","Swedish",1944
239,"Brett","Lunger","American",1945
240,"Danny","Ongais","American",1942
241,"Lamberto","Leoni","Italian",1953
242,"Divina","Galica","British",1944
243,"Rolf","Stommelen","German",1943
244,"Alberto","Colombo","Italian",1946
245,"Tony","Trimmer","British",1943
246,"Hans","Binder","Austrian",1948
247,"Michael","Bleekemolen","Dutch",1949
248,"Carlo","Franchi","Italian",1938
249,"Bobby","Rahal","American",1953
250,"Carlos","Pace","Brazilian",1944
251,"Ian","Scheckter","South African",1947
252,"Tom","Pryce","British",1949
253,"Ingo","Hoffmann","Brazilian",1953
254,"Renzo","Zorzi","Italian",1946
255,"Gunnar","Nilsson","Swedish",1948
256,"Larry","Perkins","Australian",1950
257,"Boy","Lunger","Dutch",1949
258,"Patrick","Nève","Belgian",1949
259,"David","Purley","British",1945
260,"Conny","Andersson","Swedish",1939
261,"Bernard","de Dryver","Belgian",1952
262,"Jackie","Oliver","British",1942
263,"Mikko","Kozarowitzky","Finnish",1948
264,"Andy","Sutcliffe","British",1947
265,"Guy","Edwards","British",1942
266,"Brian","McGuire","Australian",1945
267,"Vern","Schuppan","Australian",1943
268,"Hans","Heyer","German",1943
269,"Teddy","Pilette","Belgian",1942
270,"Ian","Ashley","British",1947
271,"Loris","Kessel","Swiss",1950
272,"Kunimitsu","Takahashi","Japanese",1940
273,"Kazuyoshi","Hoshino","Japanese",1947
274,"Noritake","Takahara","Japanese",1951
275,"Lella","Lombardi","Italian",1941
276,"Bob","Evans","British",1947
277,"Michel","Leclère","French",1946
278,"Chris","Amon","New Zealander",1943
279,"Emilio","Zapico","Spanish",1944
280,"Henri","Pescarolo","French",1942
281,"Jac","Nelleman","Danish",1944
282,"Damien","Magee","British",1945
283,"Mike","Wilds","British",1946
284,"Alessandro","Pesenti-Rossi","Italian",1942
285,"Otto","Stuppacher","Austrian",1947
286,"Warwick","Brown","Australian",1949
287,"Masahiro","Hasemi","Japanese",1945
288,"Mark","Donohue","American",1937
289,"Graham","Hill","British",1929
290,"Wilson","Fittipaldi","Brazilian",1943
291,"Guy","Tunmer","South African",1948
292,"Eddie","Keizan","South African",1944
293,"Dave","Charlton","South African",1936
294,"Tony","Brise","British",1952
295,"Roelof","Wunderink","Dutch",1948
296,"François","Migault","French",1944
297,"Torsten","Palm","Swedish",1947
298,"Gijs","van Lennep","Dutch",1942
299,"Hiroshi","Fushida","Japanese",1946
300,"John","Nicholson","New Zealander",1941
301,"Dave","Morgan","British",1944
302,"Jim","Crawford","British",1948
303,"Jo","Vonlanthen","Swiss",1942
304,"Denny","Hulme","New Zealander",1936
305,"Mike","Hailwood","British",1940
306,"Jean-Pierre","Beltoise","French",1937
307,"Howden","Ganley","New Zealander",1941
308,"Richard","Robarts","British",1944
309,"Peter","Revson","American",1939
310,"Paddy","Driver","South African",1934
311,"Tom","Belsø","Danish",1942
312,"Brian","Redman","British",1937
313,"Rikky","von Opel","Liechtensteiner",1947
314,"Tim","Schenken","Australian",1943
315,"Gérard","Larrousse","French",1940
316,"Leo","Kinnunen","Finnish",1943
317,"Reine","Wisell","Swedish",1941
318,"Bertil","Roos","Swedish",1943
319,"José","Dolhem","French",1944
320,"Peter","Gethin","British",1940
321,"Derek","Bell","British",1941
322,"David","Hobbs","British",1939
323,"Dieter","Quester","Austrian",1939
324,"Helmuth","Koinigg","Austrian",1948
325,"Carlo","Facetti","Italian",1935
326,"Eppie","Wietzes","Canadian",1938
327,"François","Cevert","French",1944
328,"Jackie","Stewart","British",1939
329,"Mike","Beuttler","British",1940
330,"Nanni","Galli","Italian",1940
331,"Luiz","Bueno","Brazilian",1937
332,"George","Follmer","American",1934
333,"Andrea","de Adamich","Italian",1941
334,"Jackie","Pretorius","South African",1934
335,"Roger","Williamson","British",1948
336,"Graham","McRae","New Zealander",1940
337,"Helmut","Marko","Austrian",1943
338,"David","Walker","Australian",1941
339,"Alex","Soler-Roig","Spanish",1932
340,"John","Love","Rhodesian",1924
341,"John","Surtees","British",1934
342,"Skip","Barber","American",1936
343,"Bill","Brack","Canadian",1935
344,"Sam","Posey","American",1944
345,"Pedro","Rodríguez","Mexican",1940
346,"Jo","Siffert","Swiss",1936
347,"Jo","Bonnier","Swedish",1930
348,"François","Mazet","French",1943
349,"Max","Jean","French",1943
350,"Vic","Elford","British",1935
351,"Silvio","Moser","Swiss",1941
352,"George","Eaton","Canadian",1945
353,"Pete","Lovely","American",1926
354,"Chris","Craft","British",1939
355,"John","Cannon","Canadian",1933
356,"Jack","Brabham","Australian",1926
357,"John","Miles","British",1943
358,"Jochen","Rindt","Austrian",1942
359,"Johnny","Servoz-Gavin","French",1942
360,"Bruce","McLaren","New Zealander",1937
361,"Piers","Courage","British",1942
362,"Peter","de Klerk","South African",1935
363,"Ignazio","Giunti","Italian",1941
364,"Dan","Gurney","American",1931
365,"Hubert","Hahne","German",1935
366,"Gus","Hutchison","American",1937
367,"Peter","Westbury","British",1938
842,"Pierre","Gasly","French",1996
807,"Nico","Hülkenberg","German",1987
808,"Vitaly","Petrov","Russian",1984
810,"Lucas","di Grassi","Brazilian",1984
811,"Bruno","Senna","Brazilian",1983
812,"Karun","Chandhok","Indian",1984
813,"Pastor","Maldonado","Venezuelan",1985
814,"Paul","di Resta","British",1986
815,"Sergio","Pérez","Mexican",1990
816,"Jérôme","d'Ambrosio","Belgian",1985
817,"Daniel","Ricciardo","Australian",1989
818,"Jean-Éric","Vergne","French",1990
819,"Charles","Pic","French",1990
820,"Max","Chilton","British",1991
821,"Esteban","Gutiérrez","Mexican",1991
822,"Valtteri","Bottas","Finnish",1989
823,"Giedo","van der Garde","Dutch",1985
824,"Jules","Bianchi","French",1989
825,"Kevin","Magnussen","Danish",1992
826,"Daniil","Kvyat","Russian",1994
827,"André","Lotterer","German",1981
828,"Marcus","Ericsson","Swedish",1990
829,"Will","Stevens","British",1991
830,"Max","Verstappen","Dutch",1997
831,"Felipe","Nasr","Brazilian",1992
832,"Carlos","Sainz","Spanish",1994
833,"Roberto","Merhi","Spanish",1991
834,"Alexander","Rossi","American",1991
835,"Jolyon","Palmer","British",1991
836,"Pascal","Wehrlein","German",1994
837,"Rio","Haryanto","Indonesian",1993
838,"Stoffel","Vandoorne","Belgian",1992
839,"Esteban","Ocon","French",1996
840,"Lance","Stroll","Canadian",1998
841,"Antonio","Giovinazzi","Italian",1993
843,"Brendon","Hartley","New Zealander",1989
844,"Charles","Leclerc","Monegasque",1997
845,"Sergey","Sirotkin","Russian",1995
846,"Lando","Norris","British",1999
847,"George","Russell","British",1998
848,"Alexander","Albon","Thai",1996
849,"Nicholas","Latifi","Canadian",1995
850,"Pietro","Fittipaldi","Brazilian",1996
851,"Jack","Aitken","British",1995
852,"Yuki","Tsunoda","Japanese",2000
853,"Nikita","Mazepin","Russian",1999
854,"Mick","Schumacher","German",1999
