raceID,raceYear,round,trackID,raceName,raceDate
1,2009,1,1,Australian Grand Prix,3/29/09
2,2009,2,2,Malaysian Grand Prix,4/5/09
3,2009,3,17,Chinese Grand Prix,4/19/09
4,2009,4,3,Bahrain Grand Prix,4/26/09
5,2009,5,4,Spanish Grand Prix,5/10/09
6,2009,6,6,Monaco Grand Prix,5/24/09
7,2009,7,5,Turkish Grand Prix,6/7/09
8,2009,8,9,British Grand Prix,june 21 2009
9,2009,9,20,German Grand Prix,7/12/09
10,2009,10,11,Hungarian Grand Prix,7/26/09
11,2009,11,12,European Grand Prix,8/23/09
12,2009,12,13,Belgian Grand Prix,8/30/09
13,2009,13,14,Italian Grand Prix,9/13/09
14,2009,14,15,Singapore Grand Prix,september .27 2009
15,2009,15,22,Japanese Grand Prix,10/4/09
16,2009,16,18,Brazilian Grand Prix,10/18/09
17,2009,17,24,Abu Dhabi Grand Prix,11/1/09
18,2008,1,1,Australian Grand Prix,3/16/08
19,2008,2,2,Malaysian Grand Prix,march.23/08
20,2008,3,3,Bahrain Grand Prix,4/6/08
21,2008,4,4,Spanish Grand Prix,4/27/08
22,2008,5,5,Turkish Grand Prix,may//11/2008
23,2008,6,6,Monaco Grand Prix,5/25/08
24,2008,7,7,Canadian Grand Prix,6/8/08
25,2008,8,8,French Grand Prix,6/22/08
26,2008,9,9,British Grand Prix,7/6/08
27,2008,10,10,German Grand Prix,7/20/08
28,2008,11,11,Hungarian Grand Prix,aug 3 2008
29,2008,12,12,European Grand Prix,8/24/08
30,2008,13,13,Belgian Grand Prix,9/7/08
31,2008,14,14,Italian Grand Prix,9/14/08
32,2008,15,15,Singapore Grand Prix,9/28/08
33,2008,16,16,Japanese Grand Prix,10/12/08
34,2008,17,17,Chinese Grand Prix,10/19/08
35,2008,18,18,Brazilian Grand Prix,11/2/08
36,2007,1,1,Australian Grand Prix,3/18/07
37,2007,2,2,Malaysian Grand Prix,4/8/07
38,2007,3,3,Bahrain Grand Prix,4/15/07
39,2007,4,4,Spanish Grand Prix,5/13/07
40,2007,5,6,Monaco Grand Prix,5/27/07
41,2007,6,7,Canadian Grand Prix,6/10/07
42,2007,7,19,United States Grand Prix,6/17/07
43,2007,8,8,French Grand Prix,7/1/07
44,2007,9,9,British Grand Prix,7/8/07
45,2007,10,20,European Grand Prix,july 22 $ 2007
46,2007,11,11,Hungarian Grand Prix,aUG 5 07
47,2007,12,5,Turkish Grand Prix,8/26/07
48,2007,13,14,Italian Grand Prix,9/9/07
49,2007,14,13,Belgian Grand Prix,9/16/07
50,2007,15,16,Japanese Grand Prix,9/30/07
51,2007,16,17,Chinese Grand Prix,10/7/07
52,2007,17,18,Brazilian Grand Prix,10/21/07
53,2006,1,3,Bahrain Grand Prix,3/12/06
54,2006,2,2,Malaysian Grand Prix,3/19/06
55,2006,3,1,Australian Grand Prix,4/2/06
56,2006,4,21,San Marino Grand Prix,4/23/06
57,2006,5,20,European Grand Prix,5/7/06
58,2006,6,4,Spanish Grand Prix,5/14/06
59,2006,7,6,Monaco Grand Prix,5/28/06
60,2006,8,9,British Grand Prix,6/11/06
61,2006,9,7,Canadian Grand Prix,6/25/06
62,2006,10,19,United States Grand Prix,07=02=2006
63,2006,11,8,French Grand Prix,7/16/06
64,2006,12,10,German Grand Prix,7/30/06
65,2006,13,11,Hungarian Grand Prix,8/6/06
66,2006,14,5,Turkish Grand Prix,8/27/06
67,2006,15,14,Italian Grand Prix,9/10/06
68,2006,16,17,Chinese Grand Prix,10/1/06
69,2006,17,22,Japanese Grand Prix,10/8/06
70,2006,18,18,Brazilian Grand Prix,10/22/06
71,2005,1,1,Australian Grand Prix,3/6/05
72,2005,2,2,Malaysian Grand Prix,3/20/05
73,2005,3,3,Bahrain Grand Prix,4/3/05
74,2005,4,21,San Marino Grand Prix,4/24/05
75,2005,5,4,Spanish Grand Prix,5/8/05
76,2005,6,6,Monaco Grand Prix,5/22/05
77,2005,7,20,European Grand Prix,5/29/05
78,2005,8,7,Canadian Grand Prix,6/12/05
79,2005,9,19,United States Grand Prix,6/19/05
80,2005,10,8,French Grand Prix,7/3/05
81,2005,11,9,British Grand Prix,7/10/05
82,2005,12,10,German Grand Prix,7/24/05
83,2005,13,11,Hungarian Grand Prix,7/31/05
84,2005,14,5,Turkish Grand Prix,8/21/05
85,2005,15,14,Italian Grand Prix,9/4/05
86,2005,16,13,Belgian Grand Prix,9. 11 ...2005
87,2005,17,18,Brazilian Grand Prix,9/25/05
88,2005,18,22,Japanese Grand Prix,10/9/05
89,2005,19,17,Chinese Grand Prix,10/16/05
90,2004,1,1,Australian Grand Prix,3/7/04
91,2004,2,2,Malaysian Grand Prix,3/21/04
92,2004,3,3,Bahrain Grand Prix,4/4/04
93,2004,4,21,San Marino Grand Prix,4/25/04
94,2004,5,4,Spanish Grand Prix,5/9/04
95,2004,6,6,Monaco Grand Prix,5/23/04
96,2004,7,20,European Grand Prix,5/30/04
97,2004,8,7,Canadian Grand Prix,6/13/04
98,2004,9,19,United States Grand Prix,6/20/04
99,2004,10,8,French Grand Prix,7/4/04
100,2004,11,9,British Grand Prix,7/11/04
101,2004,12,10,German Grand Prix,7/25/04
102,2004,13,11,Hungarian Grand Prix,8/15/04
103,2004,14,13,Belgian Grand Prix,8/29/04
104,2004,15,14,Italian Grand Prix,9/12/04
105,2004,16,17,Chinese Grand Prix,9/26/04
106,2004,17,22,Japanese Grand Prix,10/10/04
107,2004,18,18,Brazilian Grand Prix,10/24/04
108,2003,1,1,Australian Grand Prix,3/9/03
109,2003,2,2,Malaysian Grand Prix,3/23/03
110,2003,3,18,Brazilian Grand Prix,4/6/03
111,2003,4,21,San Marino Grand Prix,4/20/03
112,2003,5,4,Spanish Grand Prix,5/4/03
113,2003,6,70,Austrian Grand Prix,5/18/03
114,2003,7,6,Monaco Grand Prix,6/1/03
115,2003,8,7,Canadian Grand Prix,6/15/03
116,2003,9,20,European Grand Prix,6/29/03
117,2003,10,8,French Grand Prix,7/6/03
118,2003,11,9,British Grand Prix,7/20/03
119,2003,12,10,German Grand Prix,8/3/03
120,2003,13,11,Hungarian Grand Prix,8/24/03
121,2003,14,14,Italian Grand Prix,9/14/03
122,2003,15,19,United States Grand Prix,9/28/03
123,2003,16,22,Japanese Grand Prix,10 ! 12 - 2003
124,2002,1,1,Australian Grand Prix,3/3/02
125,2002,2,2,Malaysian Grand Prix,3/17/02
126,2002,3,18,Brazilian Grand Prix,3/31/02
127,2002,4,21,San Marino Grand Prix,4/14/02
128,2002,5,4,Spanish Grand Prix,4/28/02
129,2002,6,70,Austrian Grand Prix,5/12/02
130,2002,7,6,Monaco Grand Prix,5/26/02
131,2002,8,7,Canadian Grand Prix,6/9/02
132,2002,9,20,European Grand Prix,6/23/02
133,2002,10,9,British Grand Prix,JULY 7 --- 2002
134,2002,11,8,French Grand Prix,7/21/02
135,2002,12,10,German Grand Prix,7/28/02
136,2002,13,11,Hungarian Grand Prix,8/18/02
137,2002,14,13,Belgian Grand Prix,9/1/02
138,2002,15,14,Italian Grand Prix,9/15/02
139,2002,16,19,United States Grand Prix,9/29/02
140,2002,17,22,Japanese Grand Prix,10/13/02
141,2001,1,1,Australian Grand Prix,3/4/01
142,2001,2,2,Malaysian Grand Prix,3/18/01
143,2001,3,18,Brazilian Grand Prix,4/1/01
144,2001,4,21,San Marino Grand Prix,4/15/01
145,2001,5,4,Spanish Grand Prix,4/29/01
146,2001,6,70,Austrian Grand Prix,5/13/01
147,2001,7,6,Monaco Grand Prix,5/27/01
148,2001,8,7,Canadian Grand Prix,6/10/01
149,2001,9,20,European Grand Prix,6/24/01
150,2001,10,8,French Grand Prix,7/1/01
151,2001,11,9,British Grand Prix,7/15/01
152,2001,12,10,German Grand Prix,7/29/01
153,2001,13,11,Hungarian Grand Prix,8/19/01
154,2001,14,13,Belgian Grand Prix,9/2/01
155,2001,15,14,Italian Grand Prix,9/16/01
156,2001,16,19,United States Grand Prix,9/30/01
157,2001,17,22,Japanese Grand Prix,10/14/01
158,2000,1,1,Australian Grand Prix,3/12/00
159,2000,2,18,Brazilian Grand Prix,3/26/00
160,2000,3,21,San Marino Grand Prix,4/9/00
161,2000,4,9,British Grand Prix,4/23/00
162,2000,5,4,Spanish Grand Prix,5/7/00
163,2000,6,20,European Grand Prix,5/21/00
164,2000,7,6,Monaco Grand Prix,6/4/00
165,2000,8,7,Canadian Grand Prix,6/18/00
166,2000,9,8,French Grand Prix,7/2/00
167,2000,10,70,Austrian Grand Prix,7/16/00
168,2000,11,10,German Grand Prix,7/30/00
169,2000,12,11,Hungarian Grand Prix,8/13/00
170,2000,13,13,Belgian Grand Prix,8/27/00
171,2000,14,14,Italian Grand Prix,9/10/00
172,2000,15,19,United States Grand Prix,9/24/00
173,2000,16,22,Japanese Grand Prix,10/8/00
174,2000,17,2,Malaysian Grand Prix,10/22/00
175,1999,1,1,Australian Grand Prix,3/7/99
176,1999,2,18,Brazilian Grand Prix,4/11/99
177,1999,3,21,San Marino Grand Prix,5/2/99
178,1999,4,6,Monaco Grand Prix,5/16/99
179,1999,5,4,Spanish Grand Prix,5/30/99
180,1999,6,7,Canadian Grand Prix,6/13/99
181,1999,7,8,French Grand Prix,6/27/99
182,1999,8,9,British Grand Prix,7/11/99
183,1999,9,70,Austrian Grand Prix,7/25/99
184,1999,10,10,German Grand Prix,8/1/99
185,1999,11,11,Hungarian Grand Prix,8/15/99
186,1999,12,13,Belgian Grand Prix,8/29/99
187,1999,13,14,Italian Grand Prix,9/12/99
188,1999,14,20,European Grand Prix,9/26/99
189,1999,15,2,Malaysian Grand Prix,10/17/99
190,1999,16,22,Japanese Grand Prix,10/31/99
191,1998,1,1,Australian Grand Prix,3/8/98
192,1998,2,18,Brazilian Grand Prix,3/29/98
193,1998,3,25,Argentine Grand Prix,4/12/98
194,1998,4,21,San Marino Grand Prix,4/26/98
195,1998,5,4,Spanish Grand Prix,5/10/98
196,1998,6,6,Monaco Grand Prix,5/24/98
197,1998,7,7,Canadian Grand Prix,6/7/98
198,1998,8,8,French Grand Prix,6/28/98
199,1998,9,9,British Grand Prix,7/12/98
200,1998,10,70,Austrian Grand Prix,7/26/98
201,1998,11,10,German Grand Prix,8/2/98
202,1998,12,11,Hungarian Grand Prix,8/16/98
203,1998,13,13,Belgian Grand Prix,8/30/98
204,1998,14,14,Italian Grand Prix,9/13/98
205,1998,15,20,Luxembourg Grand Prix,9/27/98
206,1998,16,22,Japanese Grand Prix,11/1/98
207,1997,1,1,Australian Grand Prix,3/9/97
208,1997,2,18,Brazilian Grand Prix,3/30/97
209,1997,3,25,Argentine Grand Prix,4/13/97
210,1997,4,21,San Marino Grand Prix,4/27/97
211,1997,5,6,Monaco Grand Prix,5/11/97
212,1997,6,4,Spanish Grand Prix,5/25/97
213,1997,7,7,Canadian Grand Prix,6/15/97
214,1997,8,8,French Grand Prix,6/29/97
215,1997,9,9,British Grand Prix,7/13/97
216,1997,10,10,German Grand Prix,7/27/97
217,1997,11,11,Hungarian Grand Prix,8/10/97
218,1997,12,13,Belgian Grand Prix,8/24/97
219,1997,13,14,Italian Grand Prix,9/7/97
220,1997,14,70,Austrian Grand Prix,9/21/97
221,1997,15,20,Luxembourg Grand Prix,9/28/97
222,1997,16,22,Japanese Grand Prix,10/12/97
223,1997,17,26,European Grand Prix,10/26/97
224,1996,1,1,Australian Grand Prix,3/10/96
225,1996,2,18,Brazilian Grand Prix,3/31/96
226,1996,3,25,Argentine Grand Prix,4/7/96
227,1996,4,20,European Grand Prix,4/28/96
228,1996,5,21,San Marino Grand Prix,5/5/96
229,1996,6,6,Monaco Grand Prix,5/19/96
230,1996,7,4,Spanish Grand Prix,6/2/96
231,1996,8,7,Canadian Grand Prix,6/16/96
232,1996,9,8,French Grand Prix,6/30/96
233,1996,10,9,British Grand Prix,7/14/96
234,1996,11,10,German Grand Prix,7/28/96
235,1996,12,11,Hungarian Grand Prix,8/11/96
236,1996,13,13,Belgian Grand Prix,8/25/96
237,1996,14,14,Italian Grand Prix,9/8/96
238,1996,15,27,Portuguese Grand Prix,9/22/96
239,1996,16,22,Japanese Grand Prix,10/13/96
240,1995,1,18,Brazilian Grand Prix,3/26/95
241,1995,2,25,Argentine Grand Prix,4/9/95
242,1995,3,21,San Marino Grand Prix,4/30/95
243,1995,4,4,Spanish Grand Prix,5/14/95
244,1995,5,6,Monaco Grand Prix,5/28/95
245,1995,6,7,Canadian Grand Prix,6/11/95
246,1995,7,8,French Grand Prix,7/2/95
247,1995,8,9,British Grand Prix,7/16/95
248,1995,9,10,German Grand Prix,7/30/95
249,1995,10,11,Hungarian Grand Prix,8/13/95
250,1995,11,13,Belgian Grand Prix,8/27/95
251,1995,12,14,Italian Grand Prix,9/10/95
252,1995,13,27,Portuguese Grand Prix,9/24/95
253,1995,14,20,European Grand Prix,10/1/95
254,1995,15,28,Pacific Grand Prix,10/22/95
255,1995,16,22,Japanese Grand Prix,10/29/95
256,1995,17,29,Australian Grand Prix,11/12/95
257,1994,1,18,Brazilian Grand Prix,3/27/94
258,1994,2,28,Pacific Grand Prix,4/17/94
259,1994,3,21,San Marino Grand Prix,5/1/94
260,1994,4,6,Monaco Grand Prix,5/15/94
261,1994,5,4,Spanish Grand Prix,5/29/94
262,1994,6,7,Canadian Grand Prix,6/12/94
263,1994,7,8,French Grand Prix,7/3/94
264,1994,8,9,British Grand Prix,7/10/94
265,1994,9,10,German Grand Prix,7/31/94
266,1994,10,11,Hungarian Grand Prix,8/14/94
267,1994,11,13,Belgian Grand Prix,8/28/94
268,1994,12,14,Italian Grand Prix,9/11/94
269,1994,13,27,Portuguese Grand Prix,9/25/94
270,1994,14,26,European Grand Prix,10/16/94
271,1994,15,22,Japanese Grand Prix,11/6/94
272,1994,16,29,Australian Grand Prix,11/13/94
273,1993,1,30,South African Grand Prix,3/14/93
274,1993,2,18,Brazilian Grand Prix,3/28/93
275,1993,3,31,European Grand Prix,4/11/93
276,1993,4,21,San Marino Grand Prix,4/25/93
277,1993,5,4,Spanish Grand Prix,5/9/93
278,1993,6,6,Monaco Grand Prix,5/23/93
279,1993,7,7,Canadian Grand Prix,6/13/93
280,1993,8,8,French Grand Prix,7/4/93
281,1993,9,9,British Grand Prix,7/11/93
282,1993,10,10,German Grand Prix,7/25/93
283,1993,11,11,Hungarian Grand Prix,8/15/93
284,1993,12,13,Belgian Grand Prix,8/29/93
285,1993,13,14,Italian Grand Prix,9/12/93
286,1993,14,27,Portuguese Grand Prix,9/26/93
287,1993,15,22,Japanese Grand Prix,10/24/93
288,1993,16,29,Australian Grand Prix,11/7/93
289,1992,1,30,South African Grand Prix,3/1/92
290,1992,2,32,Mexican Grand Prix,3/22/92
291,1992,3,18,Brazilian Grand Prix,4/5/92
292,1992,4,4,Spanish Grand Prix,5/3/92
293,1992,5,21,San Marino Grand Prix,5/17/92
294,1992,6,6,Monaco Grand Prix,5/31/92
295,1992,7,7,Canadian Grand Prix,6/14/92
296,1992,8,8,French Grand Prix,7/5/92
297,1992,9,9,British Grand Prix,7/12/92
298,1992,10,10,German Grand Prix,7/26/92
299,1992,11,11,Hungarian Grand Prix,8/16/92
300,1992,12,13,Belgian Grand Prix,8/30/92
301,1992,13,14,Italian Grand Prix,9/13/92
302,1992,14,27,Portuguese Grand Prix,9/27/92
303,1992,15,22,Japanese Grand Prix,10/25/92
304,1992,16,29,Australian Grand Prix,11/8/92
305,1991,1,33,United States Grand Prix,3/10/91
306,1991,2,18,Brazilian Grand Prix,3/24/91
307,1991,3,21,San Marino Grand Prix,4/28/91
308,1991,4,6,Monaco Grand Prix,5/12/91
309,1991,5,7,Canadian Grand Prix,6/2/91
310,1991,6,32,Mexican Grand Prix,6/16/91
311,1991,7,8,French Grand Prix,7/7/91
312,1991,8,9,British Grand Prix,7/14/91
313,1991,9,10,German Grand Prix,7/28/91
314,1991,10,11,Hungarian Grand Prix,8/11/91
315,1991,11,13,Belgian Grand Prix,8/25/91
316,1991,12,14,Italian Grand Prix,9/8/91
317,1991,13,27,Portuguese Grand Prix,9/22/91
318,1991,14,4,Spanish Grand Prix,9/29/91
319,1991,15,22,Japanese Grand Prix,10/20/91
320,1991,16,29,Australian Grand Prix,11/3/91
321,1990,1,33,United States Grand Prix,3/11/90
322,1990,2,18,Brazilian Grand Prix,3/25/90
323,1990,3,21,San Marino Grand Prix,5/13/90
324,1990,4,6,Monaco Grand Prix,5/27/90
325,1990,5,7,Canadian Grand Prix,6/10/90
326,1990,6,32,Mexican Grand Prix,6/24/90
327,1990,7,34,French Grand Prix,7/8/90
328,1990,8,9,British Grand Prix,7/15/90
329,1990,9,10,German Grand Prix,7/29/90
330,1990,10,11,Hungarian Grand Prix,8/12/90
331,1990,11,13,Belgian Grand Prix,8/26/90
332,1990,12,14,Italian Grand Prix,9/9/90
333,1990,13,27,Portuguese Grand Prix,9/23/90
334,1990,14,26,Spanish Grand Prix,9/30/90
335,1990,15,22,Japanese Grand Prix,10/21/90
336,1990,16,29,Australian Grand Prix,11/4/90
337,2010,1,3,Bahrain Grand Prix,3/14/10
338,2010,2,1,Australian Grand Prix,3/28/10
339,2010,3,2,Malaysian Grand Prix,4/4/10
340,2010,4,17,Chinese Grand Prix,4/18/10
341,2010,5,4,Spanish Grand Prix,5/9/10
342,2010,6,6,Monaco Grand Prix,5/16/10
343,2010,7,5,Turkish Grand Prix,5/30/10
344,2010,8,7,Canadian Grand Prix,6/13/10
345,2010,9,12,European Grand Prix,6/27/10
346,2010,10,9,British Grand Prix,7/11/10
347,2010,11,10,German Grand Prix,7/25/10
348,2010,12,11,Hungarian Grand Prix,8/1/10
349,2010,13,13,Belgian Grand Prix,8/29/10
350,2010,14,14,Italian Grand Prix,9/12/10
351,2010,15,15,Singapore Grand Prix,9/26/10
352,2010,16,22,Japanese Grand Prix,10/10/10
353,2010,17,35,Korean Grand Prix,10/24/10
354,2010,18,18,Brazilian Grand Prix,11/7/10
355,2010,19,24,Abu Dhabi Grand Prix,11/14/10
356,1989,1,36,Brazilian Grand Prix,3/26/89
357,1989,2,21,San Marino Grand Prix,4/23/89
358,1989,3,6,Monaco Grand Prix,5/7/89
359,1989,4,32,Mexican Grand Prix,5/28/89
360,1989,5,33,United States Grand Prix,6/4/89
361,1989,6,7,Canadian Grand Prix,6 | 18 1989
362,1989,7,34,French Grand Prix,7/9/89
363,1989,8,9,British Grand Prix,7/16/89
364,1989,9,10,German Grand Prix,7/30/89
365,1989,10,11,Hungarian Grand Prix,8/13/89
366,1989,11,13,Belgian Grand Prix,auGUST 27 1989
367,1989,12,14,Italian Grand Prix,9/10/89
368,1989,13,27,Portuguese Grand Prix,9/24/89
369,1989,14,26,Spanish Grand Prix,10/1/89
370,1989,15,22,Japanese Grand Prix,10/22/89
371,1989,16,29,Australian Grand Prix,11/5/89
372,1988,1,36,Brazilian Grand Prix,4/3/88
373,1988,2,21,San Marino Grand Prix,5/1/88
374,1988,3,6,Monaco Grand Prix,5/15/88
375,1988,4,32,Mexican Grand Prix,5/29/88
376,1988,5,7,Canadian Grand Prix,6/12/88
377,1988,6,37,Detroit Grand Prix,6/19/88
378,1988,7,34,French Grand Prix,7/3/88
379,1988,8,9,British Grand Prix,7!10!1988
380,1988,9,10,German Grand Prix,7    24  1988
381,1988,10,11,Hungarian Grand Prix,8/7/88
382,1988,11,13,Belgian Grand Prix,8/28/88
383,1988,12,14,Italian Grand Prix,9/11/88
384,1988,13,27,Portuguese Grand Prix,9/25/88
385,1988,14,26,Spanish Grand Prix,10/2/88
386,1988,15,22,Japanese Grand Prix,10/30/88
387,1988,16,29,Australian Grand Prix,11/13/88
388,1987,1,36,Brazilian Grand Prix,4/12/87
389,1987,2,21,San Marino Grand Prix,5/3/87
390,1987,3,13,Belgian Grand Prix,5/17/87
391,1987,4,6,Monaco Grand Prix,5/31/87
392,1987,5,37,Detroit Grand Prix,6/21/87
393,1987,6,34,French Grand Prix,7/5/87
394,1987,7,9,British Grand Prix,7/12/87
395,1987,8,10,German Grand Prix,7/26/87
396,1987,9,11,Hungarian Grand Prix,8/9/87
397,1987,10,70,Austrian Grand Prix,8/16/87
398,1987,11,14,Italian Grand Prix,9/6/87
399,1987,12,27,Portuguese Grand Prix,9/20/87
400,1987,13,26,Spanish Grand Prix,9/27/87
401,1987,14,32,Mexican Grand Prix,10/18/87
402,1987,15,22,Japanese Grand Prix,11/1/87
403,1987,16,29,Australian Grand Prix,11/15/87
404,1986,1,36,Brazilian Grand Prix,3/23/86
405,1986,2,26,Spanish Grand Prix,4/13/86
406,1986,3,21,San Marino Grand Prix,4/27/86
407,1986,4,6,Monaco Grand Prix,5/11/86
408,1986,5,13,Belgian Grand Prix,5/25/86
409,1986,6,7,Canadian Grand Prix,6/15/86
410,1986,7,37,Detroit Grand Prix,6/22/86
411,1986,8,34,French Grand Prix,7/6/86
412,1986,9,38,British Grand Prix,7/13/86
413,1986,10,10,German Grand Prix,7/27/86
414,1986,11,11,Hungarian Grand Prix,8/10/86
415,1986,12,70,Austrian Grand Prix,8/17/86
416,1986,13,14,Italian Grand Prix,9/7/86
417,1986,14,27,Portuguese Grand Prix,9/21/86
418,1986,15,32,Mexican Grand Prix,10/12/86
419,1986,16,29,Australian Grand Prix,10/26/86
420,1985,1,36,Brazilian Grand Prix,4/7/85
421,1985,2,27,Portuguese Grand Prix,4/21/85
422,1985,3,21,San Marino Grand Prix,5/5/85
423,1985,4,6,Monaco Grand Prix,5/19/85
424,1985,5,7,Canadian Grand Prix,6/16/85
425,1985,6,37,Detroit Grand Prix,6/23/85
426,1985,7,34,French Grand Prix,7/7/85
427,1985,8,9,British Grand Prix,7/21/85
428,1985,9,20,German Grand Prix,8/4/85
429,1985,10,70,Austrian Grand Prix,8/18/85
430,1985,11,39,Dutch Grand Prix,8/25/85
431,1985,12,14,Italian Grand Prix,9/8/85
432,1985,13,13,Belgian Grand Prix,9/15/85
433,1985,14,38,European Grand Prix,10/6/85
434,1985,15,30,South African Grand Prix,10/19/85
435,1985,16,29,Australian Grand Prix,11/3/85
436,1984,1,36,Brazilian Grand Prix,3/25/84
437,1984,2,30,South African Grand Prix,4/7/84
438,1984,3,40,Belgian Grand Prix,4/29/84
439,1984,4,21,San Marino Grand Prix,5/6/84
440,1984,5,41,French Grand Prix,5/20/84
441,1984,6,6,Monaco Grand Prix,6/3/84
442,1984,7,7,Canadian Grand Prix,6/17/84
443,1984,8,37,Detroit Grand Prix,6/24/84
444,1984,9,42,Dallas Grand Prix,7/8/84
445,1984,10,38,British Grand Prix,7/22/84
446,1984,11,10,German Grand Prix,8/5/84
447,1984,12,70,Austrian Grand Prix,8/19/84
448,1984,13,39,Dutch Grand Prix,8/26/84
449,1984,14,14,Italian Grand Prix,9/9/84
450,1984,15,20,European Grand Prix,10/7/84
451,1984,16,27,Portuguese Grand Prix,10/21/84
452,1983,1,36,Brazilian Grand Prix,3/13/83
453,1983,2,43,United States Grand Prix West,3/27/83
454,1983,3,34,French Grand Prix,4/17/83
455,1983,4,21,San Marino Grand Prix,5/1/83
456,1983,5,6,Monaco Grand Prix,5/15/83
457,1983,6,13,Belgian Grand Prix,5/22/83
458,1983,7,37,Detroit Grand Prix,6/5/83
459,1983,8,7,Canadian Grand Prix,6/12/83
460,1983,9,9,British Grand Prix,7/16/83
461,1983,10,10,German Grand Prix,8/7/83
462,1983,11,70,Austrian Grand Prix,8/14/83
463,1983,12,39,Dutch Grand Prix,8/28/83
464,1983,13,14,Italian Grand Prix,9/11/83
465,1983,14,38,European Grand Prix,9/25/83
466,1983,15,30,South African Grand Prix,10/15/83
467,1982,1,30,South African Grand Prix,1/23/82
468,1982,2,36,Brazilian Grand Prix,3/21/82
469,1982,3,43,United States Grand Prix West,4/4/82
470,1982,4,21,San Marino Grand Prix,4/25/82
471,1982,5,40,Belgian Grand Prix,5/9/82
472,1982,6,6,Monaco Grand Prix,5/23/82
473,1982,7,37,Detroit Grand Prix,6/6/82
474,1982,8,7,Canadian Grand Prix,6/13/82
475,1982,9,39,Dutch Grand Prix,7/3/82
476,1982,10,38,British Grand Prix,7/18/82
477,1982,11,34,French Grand Prix,7/25/82
478,1982,12,10,German Grand Prix,8/8/82
479,1982,13,70,Austrian Grand Prix,8/15/82
480,1982,14,41,Swiss Grand Prix,8/29/82
481,1982,15,14,Italian Grand Prix,9/12/82
482,1982,16,44,Caesars Palace Grand Prix,9/25/82
483,1981,1,43,United States Grand Prix West,3/15/81
484,1981,2,36,Brazilian Grand Prix,3/29/81
485,1981,3,25,Argentine Grand Prix,4/12/81
486,1981,4,21,San Marino Grand Prix,5/3/81
487,1981,5,40,Belgian Grand Prix,5/17/81
488,1981,6,6,Monaco Grand Prix,5/31/81
489,1981,7,45,Spanish Grand Prix,6/21/81
490,1981,8,41,French Grand Prix,7/5/81
491,1981,9,9,British Grand Prix,7/18/81
492,1981,10,10,German Grand Prix,8/2/81
493,1981,11,70,Austrian Grand Prix,8/16/81
494,1981,12,39,Dutch Grand Prix,8/30/81
495,1981,13,14,Italian Grand Prix,9/13/81
496,1981,14,7,Canadian Grand Prix,9/27/81
497,1981,15,44,Caesars Palace Grand Prix,10/17/81
498,1980,1,25,Argentine Grand Prix,1/13/80
499,1980,2,18,Brazilian Grand Prix,1/27/80
500,1980,3,30,South African Grand Prix,3/1/80
501,1980,4,43,United States Grand Prix West,3/30/80
502,1980,5,40,Belgian Grand Prix,5/4/80
503,1980,6,6,Monaco Grand Prix,5/18/80
504,1980,7,34,French Grand Prix,6/29/80
505,1980,8,38,British Grand Prix,7/13/80
506,1980,9,10,German Grand Prix,8/10/80
507,1980,10,70,Austrian Grand Prix,8/17/80
508,1980,11,39,Dutch Grand Prix,8/31/80
509,1980,12,21,Italian Grand Prix,9/14/80
510,1980,13,7,Canadian Grand Prix,9/28/80
511,1980,14,46,United States Grand Prix,10/5/80
512,1979,1,25,Argentine Grand Prix,1/21/79
513,1979,2,18,Brazilian Grand Prix,2/4/79
514,1979,3,30,South African Grand Prix,3/3/79
515,1979,4,43,United States Grand Prix West,4/8/79
516,1979,5,45,Spanish Grand Prix,4/29/79
517,1979,6,40,Belgian Grand Prix,5/13/79
518,1979,7,6,Monaco Grand Prix,5/27/79
519,1979,8,41,French Grand Prix,7/1/79
520,1979,9,9,British Grand Prix,7/14/79
521,1979,10,10,German Grand Prix,7/29/79
522,1979,11,70,Austrian Grand Prix,8/12/79
523,1979,12,39,Dutch Grand Prix,8/26/79
524,1979,13,14,Italian Grand Prix,9/9/79
525,1979,14,7,Canadian Grand Prix,9/30/79
526,1979,15,46,United States Grand Prix,10/7/79
527,1978,1,25,Argentine Grand Prix,1/15/78
528,1978,2,36,Brazilian Grand Prix,1/29/78
529,1978,3,30,South African Grand Prix,3/4/78
530,1978,4,43,United States Grand Prix West,4/2/78
531,1978,5,6,Monaco Grand Prix,5/7/78
532,1978,6,40,Belgian Grand Prix,5/21/78
533,1978,7,45,Spanish Grand Prix,6/4/78
534,1978,8,47,Swedish Grand Prix,6/17/78
535,1978,9,34,French Grand Prix,7/2/78
536,1978,10,38,British Grand Prix,7/16/78
537,1978,11,10,German Grand Prix,7/30/78
538,1978,12,70,Austrian Grand Prix,8/13/78
539,1978,13,39,Dutch Grand Prix,8/27/78
540,1978,14,14,Italian Grand Prix,9/10/78
541,1978,15,46,United States Grand Prix,10/1/78
542,1978,16,7,Canadian Grand Prix,10/8/78
543,1977,1,25,Argentine Grand Prix,1/9/77
544,1977,2,18,Brazilian Grand Prix,1/23/77
545,1977,3,30,South African Grand Prix,3/5/77
546,1977,4,43,United States Grand Prix West,4/3/77
547,1977,5,45,Spanish Grand Prix,5/8/77
548,1977,6,6,Monaco Grand Prix,5/22/77
549,1977,7,40,Belgian Grand Prix,6/5/77
550,1977,8,47,Swedish Grand Prix,6/19/77
551,1977,9,41,French Grand Prix,7/3/77
552,1977,10,9,British Grand Prix,7/16/77
553,1977,11,10,German Grand Prix,7/31/77
554,1977,12,70,Austrian Grand Prix,8/14/77
555,1977,13,39,Dutch Grand Prix,8/28/77
556,1977,14,14,Italian Grand Prix,9/11/77
557,1977,15,46,United States Grand Prix,10/2/77
558,1977,16,48,Canadian Grand Prix,10/9/77
559,1977,17,16,Japanese Grand Prix,10/23/77
560,1976,1,18,Brazilian Grand Prix,1/25/76
561,1976,2,30,South African Grand Prix,3/6/76
562,1976,3,43,United States Grand Prix West,3/28/76
563,1976,4,45,Spanish Grand Prix,5/2/76
564,1976,5,40,Belgian Grand Prix,5/16/76
565,1976,6,6,Monaco Grand Prix,5/30/76
566,1976,7,47,Swedish Grand Prix,6/13/76
567,1976,8,34,French Grand Prix,7/4/76
568,1976,9,38,British Grand Prix,7/18/76
569,1976,10,20,German Grand Prix,8/1/76
570,1976,11,70,Austrian Grand Prix,8/15/76
571,1976,12,39,Dutch Grand Prix,8/29/76
572,1976,13,14,Italian Grand Prix,9/12/76
573,1976,14,48,Canadian Grand Prix,10/3/76
574,1976,15,46,United States Grand Prix,10/10/76
575,1976,16,16,Japanese Grand Prix,10/24/76
576,1975,1,25,Argentine Grand Prix,1/12/75
577,1975,2,18,Brazilian Grand Prix,1/26/75
578,1975,3,30,South African Grand Prix,3/1/75
579,1975,4,49,Spanish Grand Prix,4/27/75
580,1975,5,6,Monaco Grand Prix,5/11/75
581,1975,6,40,Belgian Grand Prix,5/25/75
582,1975,7,47,Swedish Grand Prix,6/8/75
583,1975,8,39,Dutch Grand Prix,6/22/75
584,1975,9,34,French Grand Prix,7/6/75
585,1975,10,9,British Grand Prix,7/19/75
586,1975,11,20,German Grand Prix,8/3/75
587,1975,12,70,Austrian Grand Prix,8/17/75
588,1975,13,14,Italian Grand Prix,9/7/75
589,1975,14,46,United States Grand Prix,10/5/75
590,1974,1,25,Argentine Grand Prix,1/13/74
591,1974,2,18,Brazilian Grand Prix,1/27/74
592,1974,3,30,South African Grand Prix,3/30/74
593,1974,4,45,Spanish Grand Prix,4/28/74
594,1974,5,50,Belgian Grand Prix,5/12/74
595,1974,6,6,Monaco Grand Prix,5/26/74
596,1974,7,47,Swedish Grand Prix,6/9/74
597,1974,8,39,Dutch Grand Prix,6/23/74
598,1974,9,41,French Grand Prix,7/7/74
599,1974,10,38,British Grand Prix,7/20/74
600,1974,11,20,German Grand Prix,8/4/74
601,1974,12,70,Austrian Grand Prix,8/18/74
602,1974,13,14,Italian Grand Prix,9/8/74
603,1974,14,48,Canadian Grand Prix,9/22/74
604,1974,15,46,United States Grand Prix,10/6/74
605,1973,1,25,Argentine Grand Prix,1/28/73
606,1973,2,18,Brazilian Grand Prix,2/11/73
607,1973,3,30,South African Grand Prix,3/3/73
608,1973,4,49,Spanish Grand Prix,4/29/73
609,1973,5,40,Belgian Grand Prix,5/20/73
610,1973,6,6,Monaco Grand Prix,6/3/73
611,1973,7,47,Swedish Grand Prix,6/17/73
612,1973,8,34,French Grand Prix,7/1/73
613,1973,9,9,British Grand Prix,7/14/73
614,1973,10,39,Dutch Grand Prix,7/29/73
615,1973,11,20,German Grand Prix,8/5/73
616,1973,12,70,Austrian Grand Prix,8/19/73
617,1973,13,14,Italian Grand Prix,9/9/73
618,1973,14,48,Canadian Grand Prix,9/23/73
619,1973,15,46,United States Grand Prix,10/7/73
620,1972,1,25,Argentine Grand Prix,1/23/72
621,1972,2,30,South African Grand Prix,3/4/72
622,1972,3,45,Spanish Grand Prix,5/1/72
623,1972,4,6,Monaco Grand Prix,5/14/72
624,1972,5,50,Belgian Grand Prix,6/4/72
625,1972,6,51,French Grand Prix,7/2/72
626,1972,7,38,British Grand Prix,7/15/72
627,1972,8,20,German Grand Prix,7/30/72
628,1972,9,70,Austrian Grand Prix,8/13/72
629,1972,10,14,Italian Grand Prix,9/10/72
630,1972,11,48,Canadian Grand Prix,9/24/72
631,1972,12,46,United States Grand Prix,10/8/72
632,1971,1,30,South African Grand Prix,3/6/71
633,1971,2,49,Spanish Grand Prix,4/18/71
634,1971,3,6,Monaco Grand Prix,5/23/71
635,1971,4,39,Dutch Grand Prix,6/20/71
636,1971,5,34,French Grand Prix,7/4/71
637,1971,6,9,British Grand Prix,7/17/71
638,1971,7,20,German Grand Prix,8/1/71
639,1971,8,70,Austrian Grand Prix,8/15/71
640,1971,9,14,Italian Grand Prix,9/5/71
641,1971,10,48,Canadian Grand Prix,9/19/71
642,1971,11,46,United States Grand Prix,10/3/71
643,1970,1,30,South African Grand Prix,3/7/70
644,1970,2,45,Spanish Grand Prix,4/19/70
645,1970,3,6,Monaco Grand Prix,5/10/70
646,1970,4,13,Belgian Grand Prix,6/7/70
647,1970,5,39,Dutch Grand Prix,6/21/70
648,1970,6,51,French Grand Prix,7/5/70
649,1970,7,38,British Grand Prix,7/18/70
650,1970,8,10,German Grand Prix,8/2/70
651,1970,9,70,Austrian Grand Prix,8/16/70
652,1970,10,14,Italian Grand Prix,9/6/70
653,1970,11,52,Canadian Grand Prix,9/20/70
654,1970,12,46,United States Grand Prix,10/4/70
655,1970,13,32,Mexican Grand Prix,10/25/70
841,2011,1,1,Australian Grand Prix,3/27/11
842,2011,2,2,Malaysian Grand Prix,4/10/11
843,2011,3,17,Chinese Grand Prix,4/17/11
844,2011,4,5,Turkish Grand Prix,5/8/11
845,2011,5,4,Spanish Grand Prix,5/22/11
846,2011,6,6,Monaco Grand Prix,5/29/11
847,2011,7,7,Canadian Grand Prix,6/12/11
848,2011,8,12,European Grand Prix,6/26/11
849,2011,9,9,British Grand Prix,7/10/11
850,2011,10,20,German Grand Prix,7/24/11
851,2011,11,11,Hungarian Grand Prix,7/31/11
852,2011,12,13,Belgian Grand Prix,8/28/11
853,2011,13,14,Italian Grand Prix,9/11/11
854,2011,14,15,Singapore Grand Prix,9/25/11
855,2011,15,22,Japanese Grand Prix,10/9/11
856,2011,16,35,Korean Grand Prix,10/16/11
857,2011,17,68,Indian Grand Prix,10/30/11
858,2011,18,24,Abu Dhabi Grand Prix,11/13/11
859,2011,19,18,Brazilian Grand Prix,11/27/11
860,2012,1,1,Australian Grand Prix,3/18/12
861,2012,2,2,Malaysian Grand Prix,3/25/12
862,2012,3,17,Chinese Grand Prix,4/15/12
863,2012,4,3,Bahrain Grand Prix,4/22/12
864,2012,5,4,Spanish Grand Prix,5/13/12
865,2012,6,6,Monaco Grand Prix,5/27/12
866,2012,7,7,Canadian Grand Prix,6/10/12
867,2012,8,12,European Grand Prix,6/24/12
868,2012,9,9,British Grand Prix,7/8/12
869,2012,10,10,German Grand Prix,7/22/12
870,2012,11,11,Hungarian Grand Prix,7/29/12
871,2012,12,13,Belgian Grand Prix,9/2/12
872,2012,13,14,Italian Grand Prix,9/9/12
873,2012,14,15,Singapore Grand Prix,9/23/12
874,2012,15,22,Japanese Grand Prix,10/7/12
875,2012,16,35,Korean Grand Prix,10/14/12
876,2012,17,68,Indian Grand Prix,10/28/12
877,2012,18,24,Abu Dhabi Grand Prix,11/4/12
878,2012,19,69,United States Grand Prix,11/18/12
879,2012,20,18,Brazilian Grand Prix,11/25/12
880,2013,1,1,Australian Grand Prix,3/17/13
881,2013,2,2,Malaysian Grand Prix,3/24/13
882,2013,3,17,Chinese Grand Prix,4/14/13
883,2013,4,3,Bahrain Grand Prix,4/21/13
884,2013,5,4,Spanish Grand Prix,5/12/13
885,2013,6,6,Monaco Grand Prix,5/26/13
886,2013,7,7,Canadian Grand Prix,6/9/13
887,2013,8,9,British Grand Prix,6/30/13
888,2013,9,20,German Grand Prix,7/7/13
890,2013,10,11,Hungarian Grand Prix,7/28/13
891,2013,11,13,Belgian Grand Prix,8/25/13
892,2013,12,14,Italian Grand Prix,9/8/13
893,2013,13,15,Singapore Grand Prix,9/22/13
894,2013,14,35,Korean Grand Prix,10/6/13
895,2013,15,22,Japanese Grand Prix,10/13/13
896,2013,16,68,Indian Grand Prix,10/27/13
897,2013,17,24,Abu Dhabi Grand Prix,11/3/13
898,2013,18,69,United States Grand Prix,11/17/13
899,2013,19,18,Brazilian Grand Prix,11/24/13
900,2014,1,1,Australian Grand Prix,3/16/14
901,2014,2,2,Malaysian Grand Prix,3/30/14
902,2014,3,3,Bahrain Grand Prix,4/6/14
903,2014,4,17,Chinese Grand Prix,4/20/14
904,2014,5,4,Spanish Grand Prix,5/11/14
905,2014,6,6,Monaco Grand Prix,5/25/14
906,2014,7,7,Canadian Grand Prix,6/8/14
907,2014,8,70,Austrian Grand Prix,6/22/14
908,2014,9,9,British Grand Prix,7/6/14
909,2014,10,10,German Grand Prix,7/20/14
910,2014,11,11,Hungarian Grand Prix,7/27/14
911,2014,12,13,Belgian Grand Prix,8/24/14
912,2014,13,14,Italian Grand Prix,9/7/14
913,2014,14,15,Singapore Grand Prix,9/21/14
914,2014,15,22,Japanese Grand Prix,10/5/14
915,2014,16,71,Russian Grand Prix,10/12/14
916,2014,17,69,United States Grand Prix,11/2/14
917,2014,18,18,Brazilian Grand Prix,11/9/14
918,2014,19,24,Abu Dhabi Grand Prix,11/23/14
931,2015,6,6,Monaco Grand Prix,5/24/15
932,2015,7,7,Canadian Grand Prix,6/7/15
929,2015,4,3,Bahrain Grand Prix,4/19/15
930,2015,5,4,Spanish Grand Prix,5/10/15
928,2015,3,17,Chinese Grand Prix,4/12/15
926,2015,1,1,Australian Grand Prix,3/15/15
927,2015,2,2,Malaysian Grand Prix,3/29/15
933,2015,8,70,Austrian Grand Prix,6/21/15
934,2015,9,9,British Grand Prix,7/5/15
936,2015,10,11,Hungarian Grand Prix,7/26/15
937,2015,11,13,Belgian Grand Prix,8/23/15
938,2015,12,14,Italian Grand Prix,9/6/15
939,2015,13,15,Singapore Grand Prix,9/20/15
940,2015,14,22,Japanese Grand Prix,9/27/15
941,2015,15,71,Russian Grand Prix,10/11/15
942,2015,16,69,United States Grand Prix,10/25/15
943,2015,17,32,Mexican Grand Prix,11/1/15
944,2015,18,18,Brazilian Grand Prix,11/15/15
945,2015,19,24,Abu Dhabi Grand Prix,11/29/15
948,2016,1,1,Australian Grand Prix,3/20/16
949,2016,2,3,Bahrain Grand Prix,4/3/16
950,2016,3,17,Chinese Grand Prix,4/17/16
951,2016,4,71,Russian Grand Prix,5/1/16
952,2016,5,4,Spanish Grand Prix,5/15/16
953,2016,6,6,Monaco Grand Prix,5/29/16
954,2016,7,7,Canadian Grand Prix,6/12/16
955,2016,8,73,European Grand Prix,6/19/16
956,2016,9,70,Austrian Grand Prix,7/3/16
957,2016,10,9,British Grand Prix,7/10/16
958,2016,11,11,Hungarian Grand Prix,7/24/16
959,2016,12,10,German Grand Prix,7/31/16
960,2016,13,13,Belgian Grand Prix,8/28/16
961,2016,14,14,Italian Grand Prix,9/4/16
962,2016,15,15,Singapore Grand Prix,9/18/16
963,2016,16,2,Malaysian Grand Prix,10/2/16
964,2016,17,22,Japanese Grand Prix,10/9/16
965,2016,18,69,United States Grand Prix,10/23/16
966,2016,19,32,Mexican Grand Prix,10/30/16
967,2016,20,18,Brazilian Grand Prix,11/13/16
968,2016,21,24,Abu Dhabi Grand Prix,11/27/16
969,2017,1,1,Australian Grand Prix,3/26/17
970,2017,2,17,Chinese Grand Prix,4/9/17
971,2017,3,3,Bahrain Grand Prix,4/16/17
972,2017,4,71,Russian Grand Prix,4/30/17
973,2017,5,4,Spanish Grand Prix,5/14/17
974,2017,6,6,Monaco Grand Prix,5/28/17
975,2017,7,7,Canadian Grand Prix,6/11/17
976,2017,8,73,Azerbaijan Grand Prix,6/25/17
977,2017,9,70,Austrian Grand Prix,7/9/17
978,2017,10,9,British Grand Prix,7/16/17
979,2017,11,11,Hungarian Grand Prix,7/30/17
980,2017,12,13,Belgian Grand Prix,8/27/17
981,2017,13,14,Italian Grand Prix,9/3/17
982,2017,14,15,Singapore Grand Prix,9/17/17
983,2017,15,2,Malaysian Grand Prix,10/1/17
984,2017,16,22,Japanese Grand Prix,10/8/17
985,2017,17,69,United States Grand Prix,10/22/17
986,2017,18,32,Mexican Grand Prix,10/29/17
987,2017,19,18,Brazilian Grand Prix,11/12/17
988,2017,20,24,Abu Dhabi Grand Prix,11/26/17
989,2018,1,1,Australian Grand Prix,3/25/18
990,2018,2,3,Bahrain Grand Prix,4/8/18
991,2018,3,17,Chinese Grand Prix,4/15/18
992,2018,4,73,Azerbaijan Grand Prix,4/29/18
993,2018,5,4,Spanish Grand Prix,5/13/18
994,2018,6,6,Monaco Grand Prix,5/27/18
995,2018,7,7,Canadian Grand Prix,6/10/18
996,2018,8,34,French Grand Prix,6/24/18
997,2018,9,70,Austrian Grand Prix,7/1/18
998,2018,10,9,British Grand Prix,7/8/18
999,2018,11,10,German Grand Prix,7/22/18
1000,2018,12,11,Hungarian Grand Prix,7/29/18
1001,2018,13,13,Belgian Grand Prix,8/26/18
1002,2018,14,14,Italian Grand Prix,9/2/18
1003,2018,15,15,Singapore Grand Prix,9/16/18
1004,2018,16,71,Russian Grand Prix,9/30/18
1005,2018,17,22,Japanese Grand Prix,10/7/18
1006,2018,18,69,United States Grand Prix,10/21/18
1007,2018,19,32,Mexican Grand Prix,10/28/18
1008,2018,20,18,Brazilian Grand Prix,11/11/18
1009,2018,21,24,Abu Dhabi Grand Prix,11/25/18
1010,2019,1,1,Australian Grand Prix,3/17/19
1011,2019,2,3,Bahrain Grand Prix,3/31/19
1012,2019,3,17,Chinese Grand Prix,4/14/19
1013,2019,4,73,Azerbaijan Grand Prix,4/28/19
1014,2019,5,4,Spanish Grand Prix,5/12/19
1015,2019,6,6,Monaco Grand Prix,5/26/19
1016,2019,7,7,Canadian Grand Prix,6/9/19
1017,2019,8,34,French Grand Prix,6/23/19
1018,2019,9,70,Austrian Grand Prix,6/30/19
1019,2019,10,9,British Grand Prix,7/14/19
1020,2019,11,10,German Grand Prix,7/28/19
1021,2019,12,11,Hungarian Grand Prix,8/4/19
1022,2019,13,13,Belgian Grand Prix,9/1/19
1023,2019,14,14,Italian Grand Prix,9/8/19
1024,2019,15,15,Singapore Grand Prix,9/22/19
1025,2019,16,71,Russian Grand Prix,9/29/19
1026,2019,17,22,Japanese Grand Prix,10/13/19
1027,2019,18,32,Mexican Grand Prix,10/27/19
1028,2019,19,69,United States Grand Prix,11/3/19
1029,2019,20,18,Brazilian Grand Prix,11/17/19
1030,2019,21,24,Abu Dhabi Grand Prix,12/1/19
1031,2020,1,70,Austrian Grand Prix,"7,5,2020"
1032,2020,2,70,Styrian Grand Prix,7/12/20
1033,2020,3,11,Hungarian Grand Prix,7/19/20
1034,2020,4,9,British Grand Prix,8/2/20
1035,2020,5,9,70th Anniversary Grand Prix,8/9/20
1036,2020,6,4,Spanish Grand Prix,8/16/20
1037,2020,7,13,Belgian Grand Prix,8 f 30 d 2020
1038,2020,8,14,Italian Grand Prix,9/6/20
1039,2020,9,76,Tuscan Grand Prix,9/13/20
1040,2020,10,71,Russian Grand Prix,9/27/20
1041,2020,11,20,Eifel Grand Prix,10/11/20
1042,2020,12,75,Portuguese Grand Prix,10/25/20
1043,2020,13,21,Emilia Romagna Grand Prix,11/1/20
1044,2020,14,5,Turkish Grand Prix,11/15/20
1045,2020,15,3,Bahrain Grand Prix,11/29/20
1046,2020,16,3,Sakhir Grand Prix,12/6/20
1047,2020,17,24,Abu Dhabi Grand Prix,12/13/20
1053,2021,2,21,Emilia Romagna Grand Prix,4/18/21
1052,2021,1,3,Bahrain Grand Prix,3/28/21
1051,2021,20,78,Qatar Grand Prix,11/21/21
1054,2021,3,75,Portuguese Grand Prix,5/2/21
1055,2021,4,4,Spanish Grand Prix,5/9/21
1056,2021,5,6,Monaco Grand Prix,5/23/21
1057,2021,6,73,Azerbaijan Grand Prix,6/6/21
1058,2021,8,70,Styrian Grand Prix,6/27/21
1059,2021,7,34,French Grand Prix,6/20/21
1060,2021,9,70,Austrian Grand Prix,7/4/21
1061,2021,10,9,British Grand Prix,7/18/21
1062,2021,11,11,Hungarian Grand Prix,8/1/21
1063,2021,12,13,Belgian Grand Prix,8/29/21
1064,2021,13,39,Dutch Grand Prix,9/5/21
1065,2021,14,14,Italian Grand Prix,9/12/21
1066,2021,15,71,Russian Grand Prix,9/26/21
1067,2021,16,5,Turkish Grand Prix,10/10/21
1069,2021,17,69,United States Grand Prix,10/24/21
1070,2021,18,32,Mexico City Grand Prix,11/7/21
1071,2021,19,18,SÃ£o Paulo Grand Prix,11/14/21
1072,2021,21,77,Saudi Arabian Grand Prix,12/5/21
1073,2021,22,24,Abu Dhabi Grand Prix,12/12/21